foodName,proteinAmt,calorieAmt,cost
Chicken Breast,31,165,0.99
Egg,6,72,0.99
Greek Yogurt,17,100,0.99
Oatmeal,6,158,0.99
Almonds,6,164,0.99
Salmon Fillet,22,208,0.99
Peanut Butter,8,188,0.99
Milk Whole,8,150,0.99
Ground Beef Lean,26,250,0.99
Cheddar Cheese,7,113,0.99
Wholesome Protein Medley,20,141,0.99
Herbal Veggie Protein Bar,23,599,0.99
Golden Beef Protein Bar,8,390,0.99
Sweet Beef Nuggets,19,472,0.99
Wholesome Grain Strips,39,328,0.99
Rustic Nut Crackers,10,348,0.99
Tangy Garden Wafers,20,555,0.99
Organic Pepper Granola,30,232,0.99
Wild Herb Energy Mix,31,366,0.99
Organic Veggie Wafers,5,122,0.99
Wholesome Herb Wafers,29,150,0.99
Wild Chili Granola,11,298,0.99
Wild Grain Protein Bar,1,421,0.99
Roasted Chicken Blend,14,465,0.99
Premium Berry Energy Mix,17,212,0.99
Herbal Veggie Slices,9,86,0.99
Wild Maple Nuggets,37,580,0.99
Classic Maple Medley,17,422,0.99
Hearty Tomato Blend,34,480,0.99
Wholesome Fruit Wafers,32,150,0.99
Glazed Oat Medley,14,265,0.99
Savory Grain Mix,27,107,0.99
Smoked Pepper Blend,13,335,0.99
Fusion Nut Soup,40,135,0.99
Golden Pepper Medley,6,82,0.99
Savory Herb Protein Bar,13,394,0.99
Wholesome Almond Crunch,11,348,0.99
Zesty Chili Bites,34,470,0.99
Tangy Chicken Crumbles,22,547,0.99
Savory Veggie Medley,6,131,0.99
Sweet Pepper Nuggets,18,226,0.99
Glazed Fruit Soup,17,307,0.99
Herbal Tomato Crackers,36,235,0.99
Fresh Oat Nuggets,5,310,0.99
Fusion Garden Soup,38,330,0.99
Glazed Chili Protein Bar,36,494,0.99
Wholesome Berry Medley,31,429,0.99
Zesty Tomato Delight,27,99,0.99
Herbal Garden Nuggets,16,333,0.99
Savory Chicken Strips,6,358,0.99
Premium Veggie Strips,19,406,0.99
Classic Garden Stew,31,567,0.99
Spicy Herb Pasta,4,164,0.99
Roasted Maple Mix,30,577,0.99
Crispy Beef Energy Mix,3,396,0.99
Wild Protein Strips,1,351,0.99
Glazed Chili Energy Mix,23,513,0.99
Wild Tomato Blend,4,263,0.99
Tangy Nut Bites,39,448,0.99
Savory Nut Strips,29,455,0.99
Wholesome Almond Stew,3,94,0.99
Glazed Garden Wafers,29,79,0.99
Wholesome Tomato Crumbles,19,255,0.99
Glazed Pepper Stew,16,337,0.99
Herbal Oat Soup,27,567,0.99
Hearty Berry Pasta,9,285,0.99
Zesty Tomato Pasta,13,398,0.99
Roasted Almond Wafers,2,382,0.99
Tangy Berry Bites,4,549,0.99
Spicy Cocoa Bites,19,433,0.99
Herbal Herb Medley,37,503,0.99
Wild Grain Stew,2,177,0.99
Premium Oat Slices,1,211,0.99
Crispy Tomato Crunch,32,499,0.99
Spicy Peanut Granola,27,584,0.99
Tangy Cocoa Mix,1,253,0.99
Sweet Maple Soup,2,285,0.99
Organic Honey Energy Mix,31,245,0.99
Smoked Cocoa Chunks,34,443,0.99
Fusion Cocoa Stew,7,148,0.99
Spicy Fruit Wafers,6,178,0.99
Tangy Grain Strips,4,53,0.99
Rustic Veggie Protein Bar,21,413,0.99
Smoked Berry Slices,23,241,0.99
Fresh Pepper Pasta,22,398,0.99
Glazed Oat Wafers,16,431,0.99
Hearty Honey Mix,20,505,0.99
Tangy Protein Crumbles,7,432,0.99
Classic Garden Delight,12,115,0.99
Golden Garden Nuggets,7,573,0.99
Wild Vanilla Pasta,23,309,0.99
Savory Chicken Crackers,39,456,0.99
Golden Herb Bites,12,288,0.99
Wholesome Vanilla Rice,24,514,0.99
Hearty Beef Crunch,3,311,0.99
Spicy Grain Granola,1,97,0.99
Wholesome Fruit Crunch,8,288,0.99
Wild Pepper Blend,1,484,0.99
Tangy Almond Crackers,39,423,0.99
Wild Berry Bites,30,221,0.99
Herbal Grain Crumbles,37,544,0.99
Golden Nut Rice,9,412,0.99
Tangy Peanut Crackers,37,132,0.99
Fresh Vanilla Wafers,2,386,0.99
Organic Honey Protein Bar,26,567,0.99
Roasted Berry Soup,36,157,0.99
Sweet Veggie Rice,16,486,0.99
Spicy Chili Crunch,12,387,0.99
Roasted Chili Energy Mix,13,463,0.99
Tangy Beef Crackers,35,83,0.99
Zesty Chili Nuggets,36,414,0.99
Hearty Pepper Wafers,7,535,0.99
Classic Fruit Nuggets,26,474,0.99
Hearty Tomato Crumbles,3,476,0.99
Herbal Maple Soup,2,510,0.99
Tangy Chili Granola,15,301,0.99
Wild Maple Pasta,1,376,0.99
Hearty Vanilla Energy Mix,22,552,0.99
Golden Maple Crunch,3,490,0.99
Classic Nut Rice,34,93,0.99
Premium Nut Soup,2,310,0.99
Golden Maple Chunks,2,446,0.99
Sweet Grain Crunch,26,597,0.99
Wholesome Oat Mix,33,378,0.99
Herbal Almond Wafers,3,302,0.99
Fusion Nut Crackers,38,300,0.99
Rustic Almond Pasta,39,96,0.99
Fresh Honey Blend,27,177,0.99
Zesty Grain Strips,36,56,0.99
Smoked Chili Blend,40,167,0.99
Zesty Herb Slices,40,215,0.99
Fusion Honey Protein Bar,19,340,0.99
Glazed Berry Delight,21,384,0.99
Wild Nut Medley,12,578,0.99
Spicy Pepper Slices,23,346,0.99
Premium Fruit Rice,21,335,0.99
Zesty Cocoa Blend,13,233,0.99
Savory Peanut Bites,16,102,0.99
Tangy Chili Granola,29,246,0.99
Tangy Vanilla Soup,31,545,0.99
Golden Vanilla Soup,27,193,0.99
Tangy Vanilla Soup,4,494,0.99
Tangy Tomato Nuggets,32,515,0.99
Fresh Fruit Chunks,5,202,0.99
Wild Veggie Crackers,25,390,0.99
Savory Chicken Mix,26,136,0.99
Wholesome Honey Blend,28,286,0.99
Smoked Chicken Rice,1,79,0.99
Organic Almond Crackers,30,119,0.99
Savory Oat Energy Mix,17,70,0.99
Glazed Garden Rice,31,480,0.99
Hearty Vanilla Protein Bar,15,151,0.99
Glazed Grain Wafers,32,338,0.99
Fresh Cocoa Crunch,32,471,0.99
Fresh Veggie Blend,8,371,0.99
Golden Veggie Wafers,5,120,0.99
Wholesome Honey Bites,38,491,0.99
Hearty Herb Soup,14,103,0.99
Golden Vanilla Slices,17,402,0.99
Roasted Maple Delight,35,427,0.99
Tangy Oat Chunks,23,540,0.99
Tangy Herb Slices,22,499,0.99
Hearty Cocoa Rice,30,515,0.99
Hearty Chicken Stew,35,239,0.99
Glazed Cocoa Chunks,33,411,0.99
Fusion Veggie Blend,27,78,0.99
Spicy Berry Chunks,19,108,0.99
Wholesome Almond Bites,34,511,0.99
Smoked Chicken Delight,29,470,0.99
Organic Vanilla Mix,5,303,0.99
Spicy Fruit Strips,33,223,0.99
Roasted Tomato Pasta,13,422,0.99
Rustic Grain Bites,5,517,0.99
Spicy Maple Crackers,24,458,0.99
Savory Oat Crackers,9,234,0.99
Tangy Beef Delight,16,494,0.99
Fusion Oat Chunks,31,126,0.99
Premium Almond Delight,39,73,0.99
Wholesome Berry Mix,4,398,0.99
Fusion Almond Blend,1,595,0.99
Classic Cocoa Stew,32,398,0.99
Fresh Grain Mix,18,204,0.99
Classic Beef Stew,7,154,0.99
Fusion Protein Blend,13,394,0.99
Sweet Chili Strips,9,416,0.99
Classic Protein Chunks,27,89,0.99
Fresh Almond Slices,19,144,0.99
Glazed Veggie Slices,24,217,0.99
Tangy Garden Blend,21,310,0.99
Herbal Nut Crumbles,2,411,0.99
Rustic Beef Protein Bar,28,352,0.99
Tangy Oat Crunch,34,158,0.99
Spicy Vanilla Strips,38,395,0.99
Tangy Chicken Stew,33,362,0.99
Tangy Vanilla Crackers,35,552,0.99
Crispy Veggie Blend,26,332,0.99
Spicy Pepper Nuggets,12,376,0.99
Tangy Vanilla Strips,10,351,0.99
Classic Fruit Medley,30,592,0.99
Golden Almond Mix,38,337,0.99
Sweet Berry Energy Mix,23,390,0.99
Rustic Vanilla Strips,29,226,0.99
Roasted Maple Rice,32,325,0.99
Premium Berry Wafers,1,190,0.99
Herbal Vanilla Bites,26,528,0.99
Premium Pepper Nuggets,21,164,0.99
Crispy Fruit Energy Mix,28,404,0.99
Classic Vanilla Wafers,8,352,0.99
Crispy Garden Medley,20,115,0.99
Classic Chili Crunch,19,537,0.99
Classic Peanut Crumbles,27,419,0.99
Glazed Almond Crumbles,25,130,0.99
Fresh Garden Medley,14,545,0.99
Classic Vanilla Delight,18,388,0.99
Sweet Almond Delight,14,514,0.99
Golden Chicken Delight,24,111,0.99
Classic Tomato Slices,27,406,0.99
Roasted Grain Soup,4,474,0.99
Wild Protein Bites,33,403,0.99
Tangy Tomato Pasta,7,176,0.99
Sweet Grain Wafers,13,357,0.99
Savory Fruit Strips,22,329,0.99
Fresh Veggie Granola,13,141,0.99
Classic Pepper Crunch,11,599,0.99
Wholesome Almond Wafers,10,118,0.99
Roasted Beef Strips,39,424,0.99
Wild Nut Delight,12,467,0.99
Rustic Protein Stew,27,118,0.99
Wholesome Nut Pasta,14,553,0.99
Fresh Maple Wafers,28,395,0.99
Rustic Protein Strips,26,591,0.99
Roasted Nut Soup,6,387,0.99
Glazed Beef Bites,12,443,0.99
Premium Berry Slices,21,208,0.99
Sweet Chicken Crumbles,6,139,0.99
Smoked Vanilla Crackers,21,498,0.99
Roasted Beef Rice,3,154,0.99
Savory Peanut Stew,8,289,0.99
Wild Oat Crackers,30,427,0.99
Classic Peanut Nuggets,37,543,0.99
Organic Nut Protein Bar,11,308,0.99
Spicy Chicken Crunch,4,522,0.99
Zesty Chicken Wafers,29,140,0.99
Hearty Oat Delight,32,281,0.99
Rustic Vanilla Wafers,36,274,0.99
Tangy Pepper Soup,21,245,0.99
Organic Honey Granola,26,479,0.99
Wholesome Chicken Mix,26,391,0.99
Glazed Tomato Delight,21,341,0.99
Herbal Nut Bites,20,161,0.99
Classic Tomato Rice,20,90,0.99
Smoked Pepper Nuggets,23,198,0.99
Fusion Herb Granola,39,333,0.99
Savory Tomato Mix,26,424,0.99
Classic Grain Delight,28,50,0.99
Golden Protein Strips,39,66,0.99
Spicy Fruit Crunch,23,528,0.99
Fusion Oat Wafers,5,507,0.99
Glazed Maple Stew,14,523,0.99
Sweet Honey Blend,7,387,0.99
Sweet Tomato Delight,14,411,0.99
Fusion Garden Crunch,35,231,0.99
Tangy Garden Crackers,16,71,0.99
Roasted Beef Crumbles,34,61,0.99
Savory Peanut Mix,12,149,0.99
Golden Garden Bites,36,385,0.99
Herbal Protein Medley,10,569,0.99
Wholesome Chili Wafers,19,516,0.99
Rustic Cocoa Rice,31,215,0.99
Rustic Veggie Energy Mix,6,514,0.99
Fresh Vanilla Granola,32,341,0.99
Herbal Grain Pasta,6,451,0.99
Herbal Berry Nuggets,3,464,0.99
Glazed Herb Granola,3,189,0.99
Rustic Chili Medley,14,502,0.99
Crispy Chili Bites,21,560,0.99
Smoked Maple Wafers,2,142,0.99
Roasted Cocoa Crumbles,2,447,0.99
Premium Garden Chunks,26,383,0.99
Roasted Tomato Rice,31,263,0.99
Rustic Protein Chunks,13,265,0.99
Organic Chicken Blend,30,140,0.99
Sweet Chili Stew,27,586,0.99
Fusion Nut Pasta,9,426,0.99
Glazed Maple Crumbles,38,104,0.99
Crispy Herb Bites,15,375,0.99
Glazed Herb Soup,19,555,0.99
Crispy Veggie Slices,26,84,0.99
Sweet Berry Mix,23,155,0.99
Wild Herb Mix,3,90,0.99
Savory Vanilla Medley,18,567,0.99
Glazed Beef Crumbles,20,316,0.99
Rustic Oat Chunks,24,435,0.99
Classic Peanut Protein Bar,10,542,0.99
Crispy Grain Delight,30,403,0.99
Spicy Chicken Medley,37,354,0.99
Fresh Veggie Pasta,33,418,0.99
Hearty Herb Chunks,2,449,0.99
Crispy Protein Crumbles,36,286,0.99
Smoked Cocoa Protein Bar,1,121,0.99
Golden Chicken Bites,34,265,0.99
Glazed Fruit Blend,1,474,0.99
Organic Veggie Rice,38,487,0.99
Fusion Protein Crumbles,32,508,0.99
Classic Vanilla Protein Bar,10,591,0.99
Glazed Fruit Crunch,13,231,0.99
Wholesome Chili Blend,39,494,0.99
Herbal Protein Strips,18,211,0.99
Wholesome Oat Chunks,12,563,0.99
Spicy Pepper Crumbles,16,91,0.99
Savory Almond Medley,21,193,0.99
Wild Peanut Bites,4,242,0.99
Smoked Cocoa Slices,24,572,0.99
Glazed Almond Soup,1,164,0.99
Golden Peanut Nuggets,1,73,0.99
Hearty Cocoa Strips,12,102,0.99
Hearty Peanut Crackers,23,505,0.99
Premium Grain Pasta,31,378,0.99
Classic Garden Chunks,13,276,0.99
Classic Pepper Strips,20,214,0.99
Zesty Honey Crunch,8,447,0.99
Classic Chili Granola,29,389,0.99
Fresh Tomato Medley,15,447,0.99
Fresh Berry Protein Bar,33,99,0.99
Rustic Oat Delight,1,403,0.99
Crispy Grain Nuggets,40,400,0.99
Spicy Peanut Crackers,12,515,0.99
Wild Grain Pasta,30,149,0.99
Herbal Oat Slices,4,135,0.99
Rustic Oat Rice,35,299,0.99
Zesty Protein Crumbles,37,469,0.99
Wild Almond Bites,10,557,0.99
Herbal Maple Blend,8,514,0.99
Crispy Vanilla Chunks,2,227,0.99
Premium Chili Rice,34,432,0.99
Fresh Herb Delight,28,373,0.99
Zesty Beef Bites,27,155,0.99
Wholesome Pepper Pasta,10,199,0.99
Tangy Pepper Rice,36,571,0.99
Sweet Fruit Blend,14,186,0.99
Savory Tomato Medley,32,236,0.99
Fusion Pepper Granola,29,481,0.99
Premium Herb Blend,24,137,0.99
Spicy Herb Crumbles,16,207,0.99
Golden Fruit Protein Bar,12,256,0.99
Rustic Pepper Delight,33,286,0.99
Zesty Nut Nuggets,13,171,0.99
Smoked Nut Pasta,32,262,0.99
Zesty Garden Protein Bar,5,379,0.99
Tangy Beef Rice,28,597,0.99
Wild Grain Stew,39,299,0.99
Golden Chicken Blend,10,256,0.99
Wild Almond Mix,5,450,0.99
Wild Nut Crunch,14,450,0.99
Wild Vanilla Pasta,17,342,0.99
Savory Grain Strips,7,417,0.99
Golden Berry Bites,12,273,0.99
Zesty Veggie Slices,1,347,0.99
Classic Protein Pasta,13,319,0.99
Classic Grain Protein Bar,33,516,0.99
Tangy Almond Strips,4,452,0.99
Zesty Peanut Wafers,12,415,0.99
Spicy Cocoa Bites,7,452,0.99
Organic Veggie Rice,39,78,0.99
Fresh Grain Soup,11,595,0.99
Classic Almond Nuggets,2,381,0.99
Wholesome Almond Rice,36,116,0.99
Premium Berry Soup,20,444,0.99
Fresh Peanut Crackers,33,498,0.99
Savory Almond Nuggets,16,311,0.99
Wholesome Almond Mix,14,89,0.99
Herbal Chicken Granola,18,264,0.99
Classic Fruit Mix,16,361,0.99
Herbal Almond Crunch,20,114,0.99
Herbal Garden Wafers,21,147,0.99
Spicy Almond Wafers,4,110,0.99
Savory Berry Delight,10,337,0.99
Spicy Pepper Wafers,20,473,0.99
Tangy Nut Pasta,7,320,0.99
Zesty Veggie Soup,40,306,0.99
Organic Peanut Protein Bar,5,458,0.99
Crispy Tomato Soup,21,442,0.99
Premium Tomato Pasta,37,337,0.99
Sweet Peanut Chunks,5,580,0.99
Crispy Cocoa Blend,34,475,0.99
Tangy Honey Crackers,20,355,0.99
Wild Honey Granola,10,122,0.99
Roasted Oat Strips,8,433,0.99
Golden Pepper Bites,7,592,0.99
Tangy Vanilla Nuggets,13,471,0.99
Hearty Pepper Crackers,31,265,0.99
Herbal Maple Rice,23,445,0.99
Rustic Cocoa Delight,31,518,0.99
Hearty Protein Granola,19,199,0.99
Herbal Peanut Soup,38,528,0.99
Fusion Oat Stew,9,204,0.99
Premium Pepper Mix,23,540,0.99
Fresh Grain Wafers,35,268,0.99
Smoked Oat Mix,28,522,0.99
Tangy Berry Slices,26,171,0.99
Classic Cocoa Mix,10,263,0.99
Wild Beef Rice,23,228,0.99
Glazed Peanut Crumbles,24,532,0.99
Roasted Cocoa Energy Mix,2,108,0.99
Premium Vanilla Granola,37,597,0.99
Fusion Oat Nuggets,23,407,0.99
Zesty Chili Soup,34,329,0.99
Roasted Veggie Nuggets,34,318,0.99
Wholesome Grain Bites,6,461,0.99
Smoked Peanut Protein Bar,14,172,0.99
Tangy Vanilla Strips,24,267,0.99
Glazed Grain Mix,40,381,0.99
Golden Grain Delight,30,304,0.99
Herbal Berry Crackers,8,198,0.99
Glazed Chili Slices,4,524,0.99
Spicy Veggie Stew,19,477,0.99
Smoked Chili Bites,22,338,0.99
Rustic Chili Rice,5,375,0.99
Tangy Almond Soup,12,537,0.99
Wild Fruit Bites,5,431,0.99
Wild Veggie Wafers,32,359,0.99
Rustic Oat Nuggets,33,416,0.99
Tangy Vanilla Crumbles,29,474,0.99
Glazed Chicken Mix,13,365,0.99
Crispy Grain Soup,13,573,0.99
Classic Tomato Delight,34,451,0.99
Organic Garden Crunch,29,180,0.99
Tangy Cocoa Delight,19,540,0.99
Sweet Veggie Crunch,38,96,0.99
Herbal Pepper Slices,28,409,0.99
Tangy Protein Slices,5,55,0.99
Crispy Veggie Strips,6,186,0.99
Herbal Honey Medley,1,312,0.99
Wild Herb Medley,38,455,0.99
Sweet Maple Soup,13,78,0.99
Fusion Peanut Stew,9,188,0.99
Hearty Beef Nuggets,7,480,0.99
Fusion Beef Rice,17,509,0.99
Tangy Herb Crackers,29,198,0.99
Classic Honey Medley,7,355,0.99
Smoked Pepper Mix,25,598,0.99
Classic Honey Slices,1,160,0.99
Fresh Honey Protein Bar,4,409,0.99
Wholesome Chicken Strips,1,534,0.99
Spicy Berry Wafers,36,226,0.99
Classic Protein Energy Mix,3,523,0.99
Wholesome Fruit Strips,37,505,0.99
Premium Peanut Granola,18,104,0.99
Tangy Herb Nuggets,14,457,0.99
Crispy Pepper Bites,10,246,0.99
Fusion Honey Strips,8,367,0.99
Classic Berry Rice,31,58,0.99
Hearty Peanut Chunks,6,450,0.99
Wild Fruit Protein Bar,16,351,0.99
Premium Almond Wafers,14,208,0.99
Fusion Veggie Stew,5,64,0.99
Classic Fruit Protein Bar,34,426,0.99
Sweet Tomato Nuggets,16,562,0.99
Wild Chili Granola,28,457,0.99
Zesty Herb Crackers,36,564,0.99
Golden Protein Protein Bar,25,393,0.99
Fresh Berry Strips,38,254,0.99
Classic Nut Slices,20,154,0.99
Glazed Beef Wafers,24,177,0.99
Wild Grain Crunch,24,583,0.99
Herbal Berry Pasta,35,426,0.99
Savory Beef Rice,34,254,0.99
Fresh Almond Chunks,30,67,0.99
Spicy Garden Granola,4,313,0.99
Spicy Protein Medley,19,167,0.99
Glazed Berry Rice,1,430,0.99
Premium Chili Crumbles,36,560,0.99
Tangy Garden Mix,17,79,0.99
Wholesome Honey Crunch,25,222,0.99
Zesty Garden Protein Bar,10,214,0.99
Classic Beef Slices,30,520,0.99
Herbal Garden Bites,34,251,0.99
Wholesome Almond Medley,5,70,0.99
Herbal Grain Energy Mix,7,285,0.99
Crispy Honey Protein Bar,32,215,0.99
Crispy Almond Medley,6,531,0.99
Herbal Chicken Stew,26,102,0.99
Sweet Fruit Energy Mix,16,233,0.99
Organic Cocoa Bites,6,363,0.99
Wholesome Protein Chunks,12,91,0.99
Hearty Fruit Crunch,5,435,0.99
Roasted Protein Energy Mix,40,432,0.99
Zesty Garden Slices,35,537,0.99
Fusion Oat Crackers,38,581,0.99
Wholesome Honey Crunch,14,239,0.99
Zesty Herb Bites,4,126,0.99
Smoked Beef Soup,28,60,0.99
Herbal Herb Energy Mix,26,316,0.99
Hearty Veggie Slices,17,171,0.99
Spicy Grain Crunch,22,499,0.99
Fusion Oat Granola,30,52,0.99
Sweet Chili Rice,23,431,0.99
Premium Chicken Crunch,17,540,0.99
Hearty Peanut Rice,38,200,0.99
Spicy Almond Strips,20,582,0.99
Organic Almond Crumbles,8,163,0.99
Premium Oat Mix,23,512,0.99
Wild Maple Delight,39,151,0.99
Golden Vanilla Bites,23,478,0.99
Smoked Beef Wafers,25,204,0.99
Hearty Vanilla Soup,34,374,0.99
Wild Chicken Energy Mix,39,110,0.99
Golden Protein Delight,33,428,0.99
Tangy Grain Energy Mix,40,512,0.99
Wholesome Cocoa Mix,39,190,0.99
Herbal Oat Energy Mix,23,524,0.99
Savory Berry Protein Bar,25,541,0.99
Sweet Almond Blend,35,361,0.99
Fresh Protein Medley,1,486,0.99
Crispy Oat Crackers,36,336,0.99
Glazed Beef Wafers,18,578,0.99
Savory Oat Energy Mix,37,276,0.99
Rustic Nut Rice,6,168,0.99
Sweet Garden Stew,39,160,0.99
Smoked Chili Soup,17,222,0.99
Golden Beef Nuggets,32,167,0.99
Zesty Protein Delight,29,256,0.99
Crispy Pepper Nuggets,39,458,0.99
Zesty Honey Pasta,10,317,0.99
Premium Almond Nuggets,30,212,0.99
Premium Tomato Strips,39,169,0.99
Tangy Beef Slices,8,365,0.99
Golden Tomato Mix,35,564,0.99
Savory Vanilla Bites,8,579,0.99
Classic Peanut Bites,18,333,0.99
Hearty Peanut Pasta,1,427,0.99
Fusion Beef Crumbles,15,313,0.99
Hearty Nut Protein Bar,15,175,0.99
Smoked Maple Mix,31,94,0.99
Sweet Honey Nuggets,14,467,0.99
Glazed Fruit Pasta,24,329,0.99
Tangy Fruit Nuggets,30,138,0.99
Wild Protein Blend,2,437,0.99
Herbal Grain Crackers,14,536,0.99
Glazed Oat Rice,15,204,0.99
Premium Grain Protein Bar,30,408,0.99
Smoked Beef Blend,15,76,0.99
Fresh Oat Protein Bar,30,278,0.99
Wild Herb Energy Mix,16,148,0.99
Golden Cocoa Granola,13,471,0.99
Crispy Vanilla Rice,14,159,0.99
Smoked Protein Crackers,8,313,0.99
Hearty Protein Strips,9,270,0.99
Sweet Nut Crumbles,17,371,0.99
Rustic Almond Rice,39,357,0.99
Organic Pepper Wafers,18,231,0.99
Fusion Grain Delight,38,416,0.99
Wholesome Chicken Soup,30,95,0.99
Herbal Fruit Protein Bar,31,598,0.99
Hearty Tomato Granola,21,239,0.99
Wild Pepper Soup,16,81,0.99
Wholesome Beef Blend,17,133,0.99
Classic Peanut Soup,29,575,0.99
Zesty Tomato Strips,8,314,0.99
Sweet Garden Soup,4,438,0.99
Classic Pepper Rice,10,306,0.99
Fusion Tomato Granola,23,345,0.99
Rustic Herb Delight,16,325,0.99
Organic Grain Strips,25,342,0.99
Glazed Honey Pasta,16,368,0.99
Glazed Maple Bites,7,351,0.99
Spicy Fruit Bites,28,250,0.99
Rustic Almond Crumbles,39,55,0.99
Glazed Cocoa Crackers,3,105,0.99
Tangy Berry Soup,10,156,0.99
Savory Peanut Crunch,26,287,0.99
Golden Protein Soup,4,166,0.99
Hearty Almond Slices,34,209,0.99
Glazed Pepper Wafers,15,88,0.99
Roasted Grain Slices,26,52,0.99
Tangy Peanut Crackers,23,454,0.99
Classic Protein Pasta,1,291,0.99
Crispy Nut Soup,34,581,0.99
Crispy Beef Mix,22,306,0.99
Wild Chili Wafers,19,410,0.99
Smoked Oat Protein Bar,9,447,0.99
Classic Berry Medley,3,218,0.99
Classic Maple Rice,38,97,0.99
Wholesome Vanilla Bites,22,100,0.99
Zesty Berry Energy Mix,6,496,0.99
Roasted Beef Delight,19,61,0.99
Savory Chicken Crunch,5,510,0.99
Tangy Fruit Energy Mix,38,249,0.99
Savory Herb Medley,27,415,0.99
Roasted Garden Slices,19,345,0.99
Fresh Cocoa Pasta,23,121,0.99
Zesty Berry Strips,24,421,0.99
Crispy Berry Soup,11,204,0.99
Wild Berry Nuggets,30,458,0.99
Wholesome Almond Pasta,2,425,0.99
Smoked Fruit Bites,28,95,0.99
Golden Tomato Energy Mix,14,584,0.99
Premium Peanut Stew,21,509,0.99
Tangy Chicken Medley,15,276,0.99
Crispy Almond Blend,31,500,0.99
Savory Cocoa Crackers,21,102,0.99
Glazed Vanilla Blend,24,331,0.99
Roasted Berry Granola,26,299,0.99
Smoked Veggie Wafers,1,419,0.99
Golden Chili Crunch,3,115,0.99
Sweet Honey Medley,22,185,0.99
Zesty Maple Blend,22,94,0.99
Fresh Pepper Protein Bar,23,271,0.99
Tangy Veggie Nuggets,22,179,0.99
Premium Tomato Wafers,1,441,0.99
Premium Fruit Granola,22,296,0.99
Fresh Fruit Energy Mix,36,404,0.99
Savory Peanut Strips,12,126,0.99
Wild Grain Strips,11,80,0.99
Premium Honey Soup,1,95,0.99
Zesty Veggie Slices,30,149,0.99
Smoked Almond Stew,14,510,0.99
Golden Oat Stew,21,482,0.99
Classic Protein Strips,2,469,0.99
Classic Tomato Energy Mix,25,328,0.99
Tangy Maple Slices,15,130,0.99
Roasted Honey Stew,4,284,0.99
Rustic Garden Bites,24,335,0.99
Sweet Berry Crumbles,13,352,0.99
Sweet Grain Medley,27,384,0.99
Zesty Oat Slices,6,592,0.99
Zesty Honey Wafers,18,166,0.99
Crispy Chili Bites,25,126,0.99
Spicy Pepper Mix,23,506,0.99
Golden Pepper Crackers,20,397,0.99
Golden Pepper Medley,6,513,0.99
Crispy Pepper Bites,23,539,0.99
Savory Peanut Soup,39,584,0.99
Fresh Veggie Rice,3,203,0.99
Zesty Nut Stew,10,580,0.99
Crispy Pepper Wafers,12,560,0.99
Herbal Cocoa Pasta,14,390,0.99
Premium Berry Bites,18,573,0.99
Golden Oat Wafers,38,382,0.99
Roasted Cocoa Blend,21,376,0.99
Roasted Fruit Crunch,5,407,0.99
Savory Pepper Crackers,4,314,0.99
Glazed Tomato Crumbles,5,103,0.99
Fresh Chicken Strips,4,188,0.99
Sweet Peanut Granola,36,590,0.99
Hearty Garden Energy Mix,2,458,0.99
Roasted Protein Stew,18,440,0.99
Herbal Almond Protein Bar,11,235,0.99
Glazed Tomato Granola,20,550,0.99
Rustic Honey Slices,33,225,0.99
Spicy Maple Wafers,2,388,0.99
Fresh Protein Wafers,30,515,0.99
Herbal Herb Chunks,1,411,0.99
Herbal Beef Mix,2,403,0.99
Golden Maple Rice,7,59,0.99
Premium Pepper Granola,30,224,0.99
Wholesome Fruit Nuggets,34,126,0.99
Savory Beef Crunch,24,146,0.99
Golden Vanilla Delight,29,359,0.99
Tangy Veggie Blend,33,207,0.99
Wild Herb Delight,16,483,0.99
Rustic Tomato Nuggets,33,198,0.99
Smoked Protein Energy Mix,37,96,0.99
Tangy Chicken Blend,3,156,0.99
Zesty Veggie Blend,2,108,0.99
Zesty Grain Medley,13,134,0.99
Wild Chili Stew,10,98,0.99
Fresh Nut Stew,26,549,0.99
Rustic Chicken Crunch,34,171,0.99
Sweet Garden Soup,6,372,0.99
Savory Veggie Pasta,10,197,0.99
Wild Veggie Strips,39,82,0.99
Herbal Oat Granola,9,214,0.99
Zesty Fruit Nuggets,20,514,0.99
Roasted Pepper Pasta,40,593,0.99
Herbal Peanut Crumbles,39,299,0.99
Roasted Pepper Stew,16,167,0.99
Herbal Almond Stew,22,505,0.99
Golden Fruit Blend,4,585,0.99
Spicy Oat Rice,16,211,0.99
Classic Cocoa Granola,20,278,0.99
Herbal Maple Rice,24,345,0.99
Sweet Fruit Rice,38,207,0.99
Rustic Oat Mix,13,594,0.99
Crispy Protein Wafers,11,400,0.99
Roasted Cocoa Soup,33,292,0.99
Hearty Oat Crumbles,26,121,0.99
Glazed Protein Pasta,7,277,0.99
Classic Herb Slices,37,341,0.99
Sweet Pepper Protein Bar,23,580,0.99
Smoked Peanut Crackers,38,248,0.99
Savory Maple Crumbles,4,147,0.99
Sweet Nut Slices,35,583,0.99
Rustic Chicken Granola,28,423,0.99
Herbal Peanut Soup,6,419,0.99
Wild Fruit Delight,1,416,0.99
Organic Protein Stew,21,204,0.99
Roasted Beef Rice,24,559,0.99
Savory Peanut Soup,14,309,0.99
Roasted Nut Pasta,15,78,0.99
Sweet Maple Nuggets,13,440,0.99
Herbal Berry Crumbles,1,285,0.99
Sweet Oat Pasta,13,130,0.99
Golden Tomato Slices,28,159,0.99
Wholesome Oat Nuggets,1,277,0.99
Zesty Tomato Strips,27,505,0.99
Smoked Chicken Blend,3,393,0.99
Roasted Pepper Crunch,31,554,0.99
Smoked Garden Soup,37,240,0.99
Smoked Oat Medley,20,394,0.99
Hearty Peanut Strips,24,104,0.99
Zesty Pepper Crackers,35,290,0.99
Golden Chicken Nuggets,24,377,0.99
Savory Honey Mix,26,171,0.99
Smoked Tomato Chunks,36,508,0.99
Sweet Chicken Wafers,28,265,0.99
Sweet Herb Crackers,2,560,0.99
Premium Grain Crunch,33,242,0.99
Glazed Chicken Stew,30,527,0.99
Hearty Nut Bites,10,479,0.99
Wild Tomato Blend,5,310,0.99
Wholesome Herb Soup,39,192,0.99
Fusion Berry Soup,16,516,0.99
Organic Vanilla Bites,34,298,0.99
Crispy Maple Energy Mix,35,377,0.99
Glazed Protein Granola,3,341,0.99
Golden Veggie Medley,25,524,0.99
Smoked Beef Crunch,5,585,0.99
Savory Almond Pasta,21,234,0.99
Herbal Herb Mix,26,134,0.99
Premium Oat Slices,16,74,0.99
Golden Peanut Bites,22,584,0.99
Glazed Maple Crumbles,11,450,0.99
Rustic Protein Strips,17,518,0.99
Hearty Honey Delight,26,112,0.99
Fresh Garden Slices,30,539,0.99
Rustic Chicken Slices,35,282,0.99
Classic Veggie Slices,34,90,0.99
Sweet Chicken Protein Bar,11,568,0.99
Premium Cocoa Blend,33,71,0.99
Sweet Fruit Soup,38,212,0.99
Fresh Protein Chunks,4,181,0.99
Hearty Maple Pasta,19,535,0.99
Classic Grain Wafers,35,193,0.99
Herbal Vanilla Pasta,9,336,0.99
Herbal Berry Slices,16,378,0.99
Spicy Protein Pasta,5,522,0.99
Tangy Berry Stew,27,485,0.99
Fusion Grain Crumbles,11,117,0.99
Smoked Chicken Protein Bar,32,567,0.99
Organic Pepper Energy Mix,23,408,0.99
Crispy Honey Energy Mix,4,295,0.99
Fusion Fruit Granola,34,338,0.99
Spicy Peanut Crumbles,36,582,0.99
Crispy Almond Slices,38,358,0.99
Fresh Peanut Chunks,1,435,0.99
Crispy Honey Protein Bar,14,128,0.99
Premium Peanut Wafers,4,492,0.99
Hearty Cocoa Granola,8,268,0.99
Organic Garden Protein Bar,35,348,0.99
Golden Pepper Wafers,10,281,0.99
Premium Herb Crunch,2,333,0.99
Wild Grain Pasta,12,448,0.99
Sweet Honey Chunks,26,506,0.99
Classic Fruit Chunks,20,189,0.99
Rustic Garden Protein Bar,39,499,0.99
Wild Veggie Slices,26,278,0.99
Hearty Protein Crumbles,25,551,0.99
Fresh Chicken Crumbles,12,307,0.99
Sweet Tomato Strips,2,66,0.99
Hearty Almond Medley,19,361,0.99
Fusion Tomato Soup,22,427,0.99
Smoked Nut Pasta,35,325,0.99
Fresh Maple Delight,34,392,0.99
Rustic Pepper Pasta,26,217,0.99
Roasted Maple Energy Mix,29,444,0.99
Fresh Herb Blend,12,380,0.99
Tangy Garden Strips,37,475,0.99
Golden Oat Granola,26,311,0.99
Premium Honey Soup,4,175,0.99
Tangy Berry Wafers,37,353,0.99
Wild Chicken Strips,38,326,0.99
Wild Berry Granola,17,55,0.99
Rustic Maple Rice,3,403,0.99
Sweet Veggie Crackers,11,260,0.99
Premium Peanut Rice,39,582,0.99
Rustic Honey Bites,40,541,0.99
Hearty Beef Wafers,2,149,0.99
Roasted Garden Wafers,7,586,0.99
Wholesome Herb Stew,26,139,0.99
Premium Maple Slices,17,383,0.99
Organic Honey Medley,13,252,0.99
Rustic Berry Crunch,19,476,0.99
Wholesome Honey Chunks,32,60,0.99
Rustic Nut Crunch,38,103,0.99
Tangy Vanilla Chunks,9,373,0.99
Rustic Cocoa Delight,19,217,0.99
Golden Almond Medley,29,477,0.99
Spicy Grain Rice,39,173,0.99
Hearty Chicken Crunch,25,573,0.99
Herbal Berry Soup,39,387,0.99
Glazed Pepper Stew,17,317,0.99
Classic Garden Blend,12,593,0.99
Hearty Almond Chunks,5,281,0.99
Smoked Fruit Crumbles,37,434,0.99
Glazed Maple Chunks,4,458,0.99
Glazed Herb Strips,11,183,0.99
Classic Protein Slices,29,194,0.99
Glazed Protein Slices,30,138,0.99
Roasted Beef Slices,31,455,0.99
Fusion Vanilla Delight,9,287,0.99
Tangy Nut Crumbles,39,395,0.99
Fusion Oat Delight,3,473,0.99
Fresh Tomato Bites,36,387,0.99
Organic Oat Bites,37,416,0.99
Fusion Oat Energy Mix,24,410,0.99
Wholesome Peanut Bites,14,313,0.99
Classic Vanilla Crackers,28,70,0.99
Savory Maple Stew,17,212,0.99
Hearty Nut Pasta,31,361,0.99
Organic Garden Soup,23,278,0.99
Rustic Oat Crackers,25,404,0.99
Wild Protein Mix,15,171,0.99
Tangy Tomato Medley,19,488,0.99
Roasted Vanilla Energy Mix,25,561,0.99
Hearty Cocoa Chunks,35,156,0.99
Zesty Tomato Wafers,34,210,0.99
Premium Almond Nuggets,16,211,0.99
Wild Tomato Granola,24,419,0.99
Savory Cocoa Strips,39,463,0.99
Premium Herb Chunks,18,568,0.99
Hearty Maple Nuggets,4,113,0.99
Spicy Chili Crunch,3,341,0.99
Classic Cocoa Crunch,38,51,0.99
Fusion Nut Mix,22,316,0.99
Wild Cocoa Bites,7,467,0.99
Sweet Almond Wafers,14,279,0.99
Classic Veggie Granola,34,545,0.99
Herbal Peanut Crumbles,26,565,0.99
Classic Pepper Protein Bar,38,188,0.99
Organic Berry Soup,15,320,0.99
Fusion Vanilla Crackers,34,292,0.99
Glazed Peanut Strips,34,230,0.99
Roasted Vanilla Granola,5,249,0.99
Golden Tomato Mix,27,199,0.99
Hearty Protein Pasta,4,318,0.99
Tangy Garden Mix,7,537,0.99
Classic Maple Pasta,30,119,0.99
Glazed Vanilla Delight,3,191,0.99
Crispy Berry Crumbles,28,489,0.99
Zesty Tomato Chunks,16,256,0.99
Wholesome Veggie Nuggets,19,582,0.99
Hearty Protein Stew,21,169,0.99
Herbal Cocoa Bites,9,108,0.99
Organic Cocoa Mix,1,66,0.99
Glazed Peanut Granola,36,89,0.99
Crispy Chili Strips,10,535,0.99
Classic Maple Chunks,6,376,0.99
Premium Beef Soup,15,433,0.99
Hearty Chicken Medley,34,366,0.99
Zesty Berry Wafers,19,79,0.99
Glazed Herb Soup,26,233,0.99
Rustic Vanilla Pasta,10,495,0.99
Roasted Oat Delight,36,273,0.99
Fusion Protein Granola,29,161,0.99
Spicy Berry Strips,21,421,0.99
Roasted Peanut Mix,4,344,0.99
Rustic Beef Crumbles,40,191,0.99
Fresh Chili Pasta,24,314,0.99
Zesty Beef Pasta,15,451,0.99
Premium Protein Crunch,29,121,0.99
Hearty Cocoa Wafers,23,195,0.99
Zesty Garden Energy Mix,9,181,0.99
Herbal Herb Rice,11,206,0.99
Wholesome Nut Chunks,3,569,0.99
Smoked Chili Stew,12,596,0.99
Wild Herb Crunch,26,63,0.99
Wild Maple Medley,37,490,0.99
Classic Chicken Nuggets,34,518,0.99
Herbal Herb Slices,28,438,0.99
Sweet Berry Mix,7,389,0.99
Crispy Nut Protein Bar,22,263,0.99
Golden Herb Granola,25,474,0.99
Tangy Honey Medley,11,313,0.99
Fusion Beef Wafers,13,288,0.99
Zesty Vanilla Chunks,1,537,0.99
Fusion Oat Protein Bar,24,323,0.99
Hearty Herb Nuggets,17,271,0.99
Tangy Tomato Energy Mix,8,183,0.99
Hearty Pepper Nuggets,38,368,0.99
Classic Fruit Crunch,18,276,0.99
Rustic Honey Slices,18,454,0.99
Premium Honey Strips,4,286,0.99
Fresh Garden Crunch,28,524,0.99
Crispy Herb Protein Bar,38,208,0.99
Smoked Fruit Chunks,28,216,0.99
Roasted Berry Bites,17,568,0.99
Hearty Maple Chunks,38,170,0.99
Zesty Garden Mix,3,582,0.99
Fusion Honey Strips,22,423,0.99
Premium Protein Strips,13,184,0.99
Sweet Garden Delight,14,123,0.99
Zesty Chili Pasta,14,243,0.99
Rustic Berry Crumbles,13,546,0.99
Tangy Beef Stew,33,320,0.99
Wholesome Beef Crunch,12,552,0.99
Smoked Pepper Bites,33,189,0.99
Organic Grain Medley,35,161,0.99
Savory Grain Strips,18,267,0.99
Classic Herb Nuggets,32,427,0.99
Organic Beef Slices,18,295,0.99
Fresh Cocoa Energy Mix,20,97,0.99
Tangy Oat Rice,15,156,0.99
Savory Protein Slices,11,519,0.99
Fresh Almond Stew,37,491,0.99
Wild Beef Chunks,23,353,0.99
Glazed Garden Energy Mix,32,275,0.99
Smoked Nut Nuggets,38,98,0.99
Crispy Chili Crumbles,16,417,0.99
Fresh Peanut Mix,25,319,0.99
Glazed Protein Crunch,5,341,0.99
Wild Beef Stew,6,536,0.99
Spicy Almond Bites,5,317,0.99
Organic Honey Crackers,23,261,0.99
Sweet Grain Bites,12,588,0.99
Organic Maple Nuggets,31,436,0.99
Wild Protein Slices,3,527,0.99
Fresh Cocoa Strips,17,234,0.99
Tangy Oat Wafers,23,146,0.99
Wholesome Pepper Delight,23,214,0.99
Herbal Fruit Medley,12,258,0.99
Zesty Honey Crumbles,34,191,0.99
Herbal Protein Slices,16,97,0.99
Sweet Beef Bites,27,599,0.99
Classic Grain Stew,11,418,0.99
Tangy Beef Wafers,1,450,0.99
Wholesome Protein Blend,6,317,0.99
Fresh Tomato Strips,37,58,0.99
Wholesome Maple Crackers,14,244,0.99
Rustic Chicken Wafers,40,502,0.99
Smoked Cocoa Crunch,19,563,0.99
Classic Fruit Crumbles,3,68,0.99
Smoked Berry Strips,37,191,0.99
Crispy Protein Blend,1,176,0.99
Fresh Almond Soup,18,247,0.99
Glazed Beef Mix,26,138,0.99
Organic Berry Medley,38,431,0.99
Savory Chili Crunch,22,111,0.99
Smoked Beef Rice,26,346,0.99
Fusion Chili Chunks,33,516,0.99
Organic Fruit Soup,2,423,0.99
Smoked Pepper Bites,22,274,0.99
Classic Peanut Granola,6,112,0.99
Premium Almond Pasta,16,321,0.99
Spicy Chicken Strips,7,240,0.99
Glazed Almond Mix,26,316,0.99
Golden Fruit Granola,24,490,0.99
Golden Chicken Soup,40,432,0.99
Tangy Garden Crumbles,13,506,0.99
Sweet Oat Protein Bar,6,274,0.99
Zesty Herb Medley,31,119,0.99
Glazed Fruit Wafers,5,346,0.99
Classic Chili Nuggets,26,204,0.99
Golden Beef Bites,29,295,0.99
Wholesome Beef Crumbles,34,131,0.99
Organic Nut Medley,5,381,0.99
Smoked Fruit Crunch,9,270,0.99
Spicy Veggie Pasta,1,325,0.99
Organic Nut Strips,37,374,0.99
Wholesome Honey Bites,7,502,0.99
Tangy Herb Crackers,18,206,0.99
Glazed Grain Wafers,34,278,0.99
Savory Veggie Crackers,39,561,0.99
Crispy Honey Delight,30,493,0.99
Premium Oat Crunch,36,373,0.99
Fusion Beef Granola,3,188,0.99
Golden Pepper Soup,7,565,0.99
Golden Veggie Bites,33,426,0.99
Fusion Tomato Stew,29,371,0.99
Herbal Honey Crumbles,27,437,0.99
Smoked Cocoa Blend,3,143,0.99
Wild Fruit Medley,29,220,0.99
Wholesome Honey Mix,3,141,0.99
Tangy Garden Soup,18,258,0.99
Crispy Nut Strips,6,370,0.99
Spicy Cocoa Chunks,26,299,0.99
Sweet Pepper Chunks,8,413,0.99
Wholesome Veggie Rice,17,524,0.99
Crispy Honey Chunks,38,118,0.99
Classic Herb Granola,34,474,0.99
Sweet Chili Crumbles,40,404,0.99
Smoked Nut Pasta,5,59,0.99
Fresh Chili Bites,13,108,0.99
Golden Nut Chunks,30,508,0.99
Golden Pepper Crumbles,36,220,0.99
Organic Honey Stew,37,351,0.99
Smoked Protein Crumbles,34,386,0.99
Wild Chicken Rice,14,218,0.99
Roasted Oat Pasta,2,595,0.99
Premium Fruit Nuggets,14,391,0.99
